City_ID,City,Country,Date,Lat,Lng,Max Temp,Humidity,Cloudiness,Wind Speed
0,Laguna,US,2021-06-01 06:44:49,38.421,-121.4238,85.82,47,1,1.01
1,Antofagasta,CL,2021-06-01 06:44:49,-23.65,-70.4,58.28,72,1,0.81
2,Hlotse,LS,2021-06-01 06:44:49,-28.8718,28.045,42.12,75,50,3.4
3,Busselton,AU,2021-06-01 06:44:49,-33.65,115.3333,63.09,70,95,4.59
4,Rikitea,PF,2021-06-01 06:44:50,-23.1203,-134.9692,72.39,70,5,22.26
5,Kapaa,US,2021-06-01 06:44:50,22.0752,-159.319,80.58,81,40,3.15
6,Wyndham,US,2021-06-01 06:44:50,37.6985,-77.6125,56.46,92,1,4.32
7,Grong,NO,2021-06-01 06:44:50,64.4654,12.3149,58.42,46,85,4.9
8,Hithadhoo,MV,2021-06-01 06:44:51,-0.6,73.0833,84.43,66,89,16.75
9,Chokurdakh,RU,2021-06-01 06:44:51,70.6333,147.9167,71.15,22,91,13.44
10,Waddan,LY,2021-06-01 06:44:51,29.1614,16.139,81.19,29,1,11.16
11,Pathalgaon,IN,2021-06-01 06:44:51,22.5667,83.4667,97.84,29,48,6.78
12,Ponta Do Sol,PT,2021-06-01 06:44:52,32.6667,-17.1,64.71,76,30,3.06
13,Boa Vista,BR,2021-06-01 06:40:34,2.8197,-60.6733,77.0,88,75,10.36
14,Ushuaia,AR,2021-06-01 06:41:41,-54.8,-68.3,29.86,93,75,2.3
15,Punta Arenas,CL,2021-06-01 06:44:52,-53.15,-70.9167,28.51,86,40,3.74
16,Lovozero,RU,2021-06-01 06:44:52,68.005,35.0117,43.25,66,100,9.89
17,Kavaratti,IN,2021-06-01 06:44:53,10.5669,72.642,83.03,78,100,20.38
18,Shenjiamen,CN,2021-06-01 06:44:53,29.9576,122.298,72.28,85,97,15.1
19,Sovetsk,RU,2021-06-01 06:44:53,55.0839,21.8785,55.31,73,100,5.66
20,Hervey Bay,AU,2021-06-01 06:44:53,-25.2986,152.8535,71.71,72,33,3.0
21,Thompson,CA,2021-06-01 06:44:54,55.7435,-97.8558,42.96,93,40,0.0
22,Yulara,AU,2021-06-01 06:44:54,-25.2406,130.9889,80.44,17,40,14.97
23,Ribeira Grande,PT,2021-06-01 06:44:54,38.5167,-28.7,59.4,67,40,6.91
24,Mahebourg,MU,2021-06-01 06:44:55,-20.4081,57.7,80.26,73,40,9.22
25,Souillac,MU,2021-06-01 06:44:55,-20.5167,57.5167,80.37,73,40,11.65
26,Kodiak,US,2021-06-01 06:44:55,57.79,-152.4072,45.91,93,90,4.61
27,Bulawayo,ZW,2021-06-01 06:44:55,-20.15,28.5833,63.61,34,45,7.74
28,Port Alfred,ZA,2021-06-01 06:44:56,-33.5906,26.891,59.61,73,83,18.81
29,Ilulissat,GL,2021-06-01 06:44:56,69.2167,-51.1,32.02,80,90,4.61
30,Biak,ID,2021-06-01 06:44:56,-0.9131,122.8766,81.68,76,70,5.82
31,Karwar,IN,2021-06-01 06:44:56,14.8,74.1333,85.19,73,58,12.21
32,Tual,ID,2021-06-01 06:44:57,-5.6667,132.75,81.97,78,78,15.26
33,Khatanga,RU,2021-06-01 06:44:57,71.9667,102.5,37.62,91,26,5.64
34,Ust-Uda,RU,2021-06-01 06:44:57,54.1742,103.0304,65.98,44,85,7.2
35,Kaitangata,NZ,2021-06-01 06:44:57,-46.2817,169.8464,48.92,75,29,6.29
36,Fortuna,US,2021-06-01 06:44:58,40.5982,-124.1573,63.43,54,100,0.45
37,Vaini,TO,2021-06-01 06:44:58,-21.2,-175.2,68.16,100,90,0.0
38,Albany,US,2021-06-01 06:40:50,42.6001,-73.9662,49.46,89,100,3.44
39,Abyek,IR,2021-06-01 06:44:58,36.0667,50.55,87.46,18,0,9.06
40,Cherdyn,RU,2021-06-01 06:44:58,60.403,56.4787,55.6,34,93,5.84
41,Darhan,MN,2021-06-01 06:44:59,49.4867,105.9228,54.57,32,100,10.54
42,Cape Town,ZA,2021-06-01 06:44:01,-33.9258,18.4232,56.12,91,75,1.77
43,Butaritari,KI,2021-06-01 06:44:59,3.0707,172.7902,83.35,79,96,16.04
44,Coquimbo,CL,2021-06-01 06:44:59,-29.9533,-71.3436,53.33,87,0,4.92
45,Lugus,PH,2021-06-01 06:45:00,5.7036,120.8203,80.89,81,100,12.5
46,Longyearbyen,SJ,2021-06-01 06:43:10,78.2186,15.6401,33.64,93,75,4.61
47,Machico,PT,2021-06-01 06:45:00,32.7,-16.7667,67.28,84,40,2.3
48,Manicore,BR,2021-06-01 06:45:00,-5.8092,-61.3003,71.13,74,40,1.97
49,Luganville,VU,2021-06-01 06:45:00,-15.5333,167.1667,75.76,83,100,11.1
50,Imbituva,BR,2021-06-01 06:45:01,-25.23,-50.6044,51.37,100,39,0.72
51,Mucurapo,TT,2021-06-01 06:45:01,10.6667,-61.5333,78.26,77,79,7.43
52,Vardo,NO,2021-06-01 06:45:01,70.3705,31.1107,44.8,93,75,2.3
53,Karratha,AU,2021-06-01 06:45:04,-20.7377,116.8463,81.0,33,84,9.95
54,Port Elizabeth,ZA,2021-06-01 06:45:04,-33.918,25.5701,58.1,72,0,12.66
55,East London,ZA,2021-06-01 06:45:04,-33.0153,27.9116,56.34,76,20,11.5
56,San Patricio,US,2021-06-01 06:45:04,28.017,-97.5169,80.83,91,3,9.71
57,Villamontes,BO,2021-06-01 06:45:05,-21.25,-63.5,55.44,78,85,4.81
58,Hasaki,JP,2021-06-01 06:45:05,35.7333,140.8333,77.29,65,4,8.93
59,Hermanus,ZA,2021-06-01 06:45:05,-34.4187,19.2345,55.9,79,81,4.56
60,Cap Malheureux,MU,2021-06-01 06:45:05,-19.9842,57.6142,80.47,66,0,8.99
61,Golfito,CR,2021-06-01 06:45:06,8.639,-83.166,75.2,93,94,2.64
62,Victoria,HK,2021-06-01 06:45:04,22.2855,114.1577,89.96,88,100,1.01
63,Mar Del Plata,AR,2021-06-01 06:45:06,-38.0023,-57.5575,55.09,45,90,11.01
64,Jamestown,US,2021-06-01 06:44:21,42.097,-79.2353,58.71,82,1,1.01
65,Chuy,UY,2021-06-01 06:45:06,-33.6971,-53.4616,49.82,90,98,6.93
66,Qaanaaq,GL,2021-06-01 06:45:07,77.484,-69.3632,31.46,94,100,5.26
67,Kirovskiy,RU,2021-06-01 06:45:07,45.0917,133.5136,64.04,65,100,7.45
68,Filingue,NE,2021-06-01 06:45:07,14.3521,3.3168,92.25,22,8,6.4
69,Hilo,US,2021-06-01 06:43:04,19.7297,-155.09,77.79,88,75,0.0
70,Noumea,NC,2021-06-01 06:45:07,-22.2763,166.4572,73.0,99,80,9.06
71,Beloha,MG,2021-06-01 06:45:08,-25.1667,45.05,69.6,65,82,14.65
72,Manhush,UA,2021-06-01 06:45:08,47.0558,37.3107,65.66,85,100,16.35
73,Dunedin,NZ,2021-06-01 06:45:08,-45.8742,170.5036,46.8,73,60,1.01
74,Arraial Do Cabo,BR,2021-06-01 06:45:08,-22.9661,-42.0278,72.03,86,99,16.58
75,Coihaique,CL,2021-06-01 06:45:09,-45.5752,-72.0662,48.15,57,0,5.75
76,Milford,US,2021-06-01 06:45:09,41.2223,-73.0565,56.1,90,1,1.01
77,Santa Cruz,BO,2021-06-01 06:45:05,-17.8,-63.1667,63.86,88,75,1.9
78,Vila Velha,BR,2021-06-01 06:45:09,-20.3297,-40.2925,68.95,93,40,5.01
79,Waingapu,ID,2021-06-01 06:45:09,-9.6567,120.2641,83.01,67,100,7.87
80,Otane,NZ,2021-06-01 06:45:10,-39.8833,176.6333,50.02,89,23,5.01
81,Maceio,BR,2021-06-01 06:42:53,-9.6658,-35.7353,72.84,100,75,3.83
82,Bambous Virieux,MU,2021-06-01 06:45:10,-20.3428,57.7575,80.22,73,40,11.34
83,Upernavik,GL,2021-06-01 06:45:10,72.7868,-56.1549,31.1,83,100,2.28
84,Castro,BR,2021-06-01 06:45:11,-24.7911,-50.0119,50.58,97,20,1.48
85,Sterling,US,2021-06-01 06:42:11,39.0062,-77.4286,57.78,91,1,4.61
86,Darnah,LY,2021-06-01 06:45:11,32.767,22.6367,70.65,73,56,13.47
87,Carnarvon,AU,2021-06-01 06:45:11,-24.8667,113.6333,71.67,46,74,13.8
88,Cayenne,GF,2021-06-01 06:45:12,4.9333,-52.3333,75.24,90,75,1.99
89,Barrow,US,2021-06-01 06:45:12,71.2906,-156.7887,30.22,80,20,12.66
90,Tasiilaq,GL,2021-06-01 06:45:12,65.6145,-37.6368,33.96,78,8,5.1
91,Bambanglipuro,ID,2021-06-01 06:45:12,-7.95,110.2833,67.6,71,53,11.79
92,Acapulco,MX,2021-06-01 06:45:13,16.8634,-99.8901,81.59,77,99,2.01
93,Nikolskoye,RU,2021-06-01 06:45:13,59.7035,30.7861,59.4,42,15,6.91
94,Alekseyevka,RU,2021-06-01 06:45:13,50.6309,38.6903,55.04,73,100,12.93
95,Halifax,CA,2021-06-01 06:41:42,44.6453,-63.5724,50.0,100,100,12.66
96,Roald,NO,2021-06-01 06:45:14,62.5833,6.1333,71.17,93,90,5.75
97,Bonavista,CA,2021-06-01 06:45:14,48.6499,-53.1147,50.11,96,94,16.28
98,Micheweni,TZ,2021-06-01 06:45:14,-4.9667,39.8333,79.54,74,92,9.53
99,Avarua,CK,2021-06-01 06:45:15,-21.2078,-159.775,66.25,88,37,1.14
100,Hokitika,NZ,2021-06-01 06:45:15,-42.7167,170.9667,49.26,72,11,3.47
101,Staryy Nadym,RU,2021-06-01 06:45:15,65.6118,72.6842,51.13,44,100,14.18
102,Lebu,CL,2021-06-01 06:45:15,-37.6167,-73.65,57.47,99,100,14.25
103,Buraydah,SA,2021-06-01 06:45:16,26.326,43.975,97.25,9,0,10.94
104,Nanortalik,GL,2021-06-01 06:45:16,60.1432,-45.2371,38.25,90,17,10.74
105,Mayya,RU,2021-06-01 06:45:16,61.7333,130.2811,61.92,36,100,5.95
106,Kruisfontein,ZA,2021-06-01 06:45:17,-34.0033,24.7314,55.89,70,54,12.66
107,Itaberai,BR,2021-06-01 06:45:17,-16.0203,-49.8103,65.79,64,96,3.87
108,Puerto Ayora,EC,2021-06-01 06:45:17,-0.7393,-90.3518,73.54,92,42,5.01
109,Airai,TL,2021-06-01 06:45:17,-8.9266,125.4092,67.1,79,96,1.28
110,Carutapera,BR,2021-06-01 06:45:18,-1.195,-46.02,74.5,94,15,4.56
111,Geraldton,AU,2021-06-01 06:45:18,-28.7667,114.6,68.41,60,0,11.27
112,Pevek,RU,2021-06-01 06:45:18,69.7008,170.3133,40.78,68,60,6.55
113,Kambarka,RU,2021-06-01 06:45:18,56.2694,54.2062,53.02,65,100,5.44
114,Yellowknife,CA,2021-06-01 06:41:11,62.456,-114.3525,54.12,62,40,11.5
115,Brasileia,BR,2021-06-01 06:45:19,-11.0161,-68.7481,72.68,86,100,1.86
116,Namatanai,PG,2021-06-01 06:45:19,-3.6667,152.4333,77.43,91,100,2.19
117,Kendari,ID,2021-06-01 06:45:19,-3.945,122.4989,85.33,66,100,5.66
118,Solnechnyy,RU,2021-06-01 06:45:19,50.7214,136.6319,69.46,38,90,3.11
119,High Level,CA,2021-06-01 06:45:20,58.5169,-117.136,62.71,67,1,4.99
120,Thayetmyo,MM,2021-06-01 06:45:20,19.3167,95.1833,103.62,28,88,6.06
121,Bojnurd,IR,2021-06-01 06:45:20,37.4747,57.329,76.95,50,0,2.3
122,Bethel,US,2021-06-01 06:45:20,41.3712,-73.414,53.92,90,1,3.44
123,Albanel,CA,2021-06-01 06:45:21,48.8832,-72.4487,53.74,93,100,3.44
124,Vrangel,RU,2021-06-01 06:45:21,42.7297,133.0839,53.24,95,100,7.9
125,Sitka,US,2021-06-01 06:45:21,57.0531,-135.33,53.49,82,90,16.11
126,Camacha,PT,2021-06-01 06:45:22,33.0833,-16.3333,63.82,72,75,8.05
127,Jalu,LY,2021-06-01 06:45:22,29.0331,21.5482,80.65,30,0,10.16
128,Sinnamary,GF,2021-06-01 06:45:22,5.3833,-52.95,77.36,90,100,10.42
129,Nang Rong,TH,2021-06-01 06:45:22,14.6377,102.7914,96.33,39,83,7.81
130,Puerto Baquerizo Moreno,EC,2021-06-01 06:45:23,-0.9,-89.6,72.27,87,60,10.54
131,Ayagoz,KZ,2021-06-01 06:45:23,47.9714,80.4392,89.58,17,53,12.12
132,Provideniya,RU,2021-06-01 06:45:23,64.3833,-173.3,39.31,70,0,8.95
133,Kodino,RU,2021-06-01 06:45:23,63.7198,39.6447,51.46,59,100,6.29
134,Buala,SB,2021-06-01 06:45:24,-8.145,159.5921,81.16,85,90,7.29
135,Gogrial,SS,2021-06-01 06:45:24,8.5332,28.1004,94.93,32,16,8.03
136,Jumla,NP,2021-06-01 06:45:24,29.2747,82.1838,73.89,34,10,7.7
137,Lunenburg,CA,2021-06-01 06:45:24,44.3835,-64.3155,52.05,100,100,16.11
138,Sahuaripa,MX,2021-06-01 06:45:25,29.05,-109.2333,74.05,40,0,5.21
139,Saurimo,AO,2021-06-01 06:45:25,-9.6608,20.3916,66.56,34,100,8.3
140,Sisimiut,GL,2021-06-01 06:45:25,66.9395,-53.6735,35.02,86,94,3.11
141,Saldanha,ZA,2021-06-01 06:45:25,-33.0117,17.9442,46.45,82,6,4.34
142,Acajutla,SV,2021-06-01 06:45:26,13.5928,-89.8275,79.81,85,38,6.4
143,Chimbote,PE,2021-06-01 06:45:26,-9.0853,-78.5783,64.36,92,100,6.51
144,Hobart,AU,2021-06-01 06:45:26,-42.8794,147.3294,57.06,68,75,3.0
145,Mataura,NZ,2021-06-01 06:45:27,-46.1927,168.8643,49.48,95,30,2.71
146,Kiama,AU,2021-06-01 06:45:27,-34.6833,150.8667,63.37,71,100,4.21
147,Atuona,PF,2021-06-01 06:45:27,-9.8,-139.0333,79.32,75,15,13.73
148,Yerbogachen,RU,2021-06-01 06:45:27,61.2767,108.0108,72.27,25,11,7.87
149,Tonosho,JP,2021-06-01 06:45:28,34.4833,134.1833,85.68,71,15,6.17
150,Marsh Harbour,BS,2021-06-01 06:45:28,26.5412,-77.0636,77.88,73,100,15.17
151,Cabedelo,BR,2021-06-01 06:45:28,-6.9811,-34.8339,72.27,80,43,9.71
152,Zastron,ZA,2021-06-01 06:45:28,-30.3023,27.084,41.83,53,1,4.47
153,Leningradskiy,RU,2021-06-01 06:45:29,69.3833,178.4167,31.05,91,78,12.21
154,Soyo,AO,2021-06-01 06:45:29,-6.1349,12.3689,78.85,78,100,5.46
155,Constitucion,CL,2021-06-01 06:45:29,-35.3333,-72.4167,57.87,86,100,2.68
156,Nattam,IN,2021-06-01 06:45:29,10.2333,78.2333,95.45,45,100,3.2
157,Pattaya,TH,2021-06-01 06:44:14,12.9333,100.8833,97.27,63,6,11.32
158,Batemans Bay,AU,2021-06-01 06:45:30,-35.7167,150.1833,59.99,64,100,1.63
159,Esperance,AU,2021-06-01 06:45:30,-33.8667,121.9,58.84,73,100,15.64
160,Yasnyy,RU,2021-06-01 06:45:30,51.0333,59.8742,71.06,50,0,14.03
161,Pitimbu,BR,2021-06-01 06:45:30,-7.4706,-34.8086,72.19,76,92,8.88
162,Clyde River,CA,2021-06-01 06:41:31,70.4692,-68.5914,24.8,100,90,2.3
163,Price,US,2021-06-01 06:45:31,39.5994,-110.8107,65.46,22,1,3.44
164,Ugoofaaru,MV,2021-06-01 06:45:31,5.6667,73.0,83.48,68,46,19.44
165,Los Llanos De Aridane,ES,2021-06-01 06:45:31,28.6585,-17.9182,60.55,83,40,8.81
166,Bathsheba,BB,2021-06-01 06:45:32,13.2167,-59.5167,79.41,65,40,15.93
167,Tera,NE,2021-06-01 06:45:32,14.0078,0.7531,91.2,38,96,18.75
168,Dong Hoi,VN,2021-06-01 06:45:32,17.4833,106.6,98.42,49,100,3.91
169,Yarada,IN,2021-06-01 06:45:32,17.65,83.2667,95.32,59,40,15.68
170,Mecca,SA,2021-06-01 06:45:33,21.4267,39.8261,106.79,16,0,10.63
171,Sainte-Anne-Des-Monts,CA,2021-06-01 06:45:33,49.124,-66.4924,44.47,93,100,5.08
172,Bluff,NZ,2021-06-01 06:45:33,-46.6,168.3333,49.8,77,61,22.68
173,Latur,IN,2021-06-01 06:45:34,18.4,76.5833,91.87,41,19,1.39
174,Fairbanks,US,2021-06-01 06:42:48,64.8378,-147.7164,64.74,48,75,4.61
175,Kaka,TM,2021-06-01 06:45:34,37.3482,59.6143,94.42,22,0,5.82
176,Naze,JP,2021-06-01 06:43:00,28.3667,129.4833,79.72,73,97,19.17
177,Jacqueville,CI,2021-06-01 06:45:34,5.2052,-4.4146,78.71,85,100,7.99
178,Corrente,BR,2021-06-01 06:45:35,-3.7367,-43.3394,70.21,96,13,1.68
179,Grenaa,DK,2021-06-01 06:45:35,56.4158,10.8783,53.94,90,100,6.96
180,Ostrovnoy,RU,2021-06-01 06:45:36,68.0531,39.5131,39.96,63,17,13.49
181,Tuktoyaktuk,CA,2021-06-01 06:45:36,69.4541,-133.0374,30.72,77,98,8.1
182,Verkhnyaya Toyma,RU,2021-06-01 06:45:36,62.2349,44.9985,58.08,50,100,9.42
183,Ahmadnagar,IN,2021-06-01 06:45:36,19.0833,74.7333,88.38,48,53,0.72
184,Zheleznodorozhnyy,RU,2021-06-01 06:45:37,55.7503,38.0042,55.92,45,13,7.11
185,Sorland,NO,2021-06-01 06:45:37,67.667,12.6934,51.87,87,20,9.22
186,Faanui,PF,2021-06-01 06:45:37,-16.4833,-151.75,79.59,69,88,15.84
187,Karlskoga,SE,2021-06-01 06:45:37,59.3267,14.5239,60.71,48,99,8.77
188,Keti Bandar,PK,2021-06-01 06:45:38,24.1447,67.4497,89.47,68,4,19.1
189,Milkovo,RU,2021-06-01 06:45:38,54.7167,158.6167,52.72,56,100,2.53
190,Saskylakh,RU,2021-06-01 06:45:38,71.9167,114.0833,40.5,72,81,12.62
191,Iracoubo,GF,2021-06-01 06:45:39,5.4802,-53.2011,77.22,90,100,9.86
192,Ballina,AU,2021-06-01 06:45:39,-28.8667,153.5667,69.98,64,30,5.75
193,Sibu,MY,2021-06-01 06:45:39,2.3,111.8167,93.51,56,40,5.01
194,Husavik,IS,2021-06-01 06:45:40,66.0449,-17.3389,40.91,62,100,3.94
195,Swift Current,CA,2021-06-01 06:45:04,50.2834,-107.8014,59.81,51,1,12.66
196,Ancud,CL,2021-06-01 06:44:04,-41.8697,-73.8203,54.43,93,100,7.56
197,Lashio,MM,2021-06-01 06:45:40,22.9333,97.75,85.69,59,61,2.82
198,Dali,CN,2021-06-01 06:45:40,25.7,100.1833,82.2,40,56,9.73
199,Cherskiy,RU,2021-06-01 06:45:41,68.75,161.3,67.24,21,94,6.51
200,Quang Ngai,VN,2021-06-01 06:45:41,15.1167,108.8,96.98,45,100,12.84
201,Auki,SB,2021-06-01 06:45:41,-8.7676,160.7034,80.15,85,100,7.36
202,Erenhot,CN,2021-06-01 06:45:42,43.6475,111.9767,61.52,26,96,5.64
203,Kudahuvadhoo,MV,2021-06-01 06:45:42,2.6708,72.8944,83.73,71,100,15.1
204,Isangel,VU,2021-06-01 06:45:42,-19.55,169.2667,73.51,73,75,10.4
205,Robertsport,LR,2021-06-01 06:45:43,6.7533,-11.3686,76.24,87,100,4.07
206,Aswan,EG,2021-06-01 06:45:43,24.0934,32.907,104.88,10,64,18.43
207,Macapa,BR,2021-06-01 06:45:43,0.0389,-51.0664,76.98,100,40,3.44
208,Nuuk,GL,2021-06-01 06:45:43,64.1835,-51.7216,34.41,100,75,6.91
209,West Bay,KY,2021-06-01 06:45:44,19.3667,-81.4167,81.0,85,32,1.99
210,Ekhabi,RU,2021-06-01 06:45:44,53.5102,142.9671,47.32,67,33,13.6
211,Praia Da Vitoria,PT,2021-06-01 06:45:44,38.7333,-27.0667,59.25,72,40,18.52
212,Shihezi,CN,2021-06-01 06:45:45,44.3,86.0333,93.04,14,0,13.69
213,Santa Maria Del Oro,MX,2021-06-01 06:45:14,25.9333,-105.3667,68.95,30,0,4.65
214,Jizan,SA,2021-06-01 06:45:45,17.3333,42.6667,94.14,41,0,5.12
215,Simao,CN,2021-06-01 06:45:45,22.7886,100.9748,80.06,73,53,3.8
216,Pumiao,CN,2021-06-01 06:45:46,22.75,108.4833,95.4,69,100,4.9
217,Miramar,US,2021-06-01 06:45:46,25.9873,-80.2323,80.02,80,40,6.91
218,Bandarbeyla,SO,2021-06-01 06:45:46,9.4942,50.8122,87.6,54,12,25.88
219,Talnakh,RU,2021-06-01 06:45:46,69.4865,88.3972,34.66,90,100,1.34
220,Upington,ZA,2021-06-01 06:45:47,-28.4478,21.2561,39.58,93,0,3.44
221,Newtownards,GB,2021-06-01 06:45:47,54.5924,-5.6909,59.74,89,100,1.99
222,San Pedro De Macoris,DO,2021-06-01 06:45:47,18.4616,-69.2972,77.49,91,100,8.01
223,Rocha,UY,2021-06-01 06:45:47,-34.4833,-54.3333,52.25,77,100,6.89
224,Dyurtyuli,RU,2021-06-01 06:45:48,55.4911,54.8688,57.0,70,100,8.32
225,Namibe,AO,2021-06-01 06:45:48,-15.1961,12.1522,74.16,63,8,5.14
226,Nivala,FI,2021-06-01 06:45:48,63.9167,24.9667,64.69,48,100,4.65
227,Urumqi,CN,2021-06-01 06:45:48,43.801,87.6005,88.75,14,0,13.6
228,Aleksandrov Gay,RU,2021-06-01 06:45:49,50.147,48.5704,75.43,62,6,12.03
229,Guerrero Negro,MX,2021-06-01 06:45:49,27.9769,-114.0611,59.94,85,0,9.26
230,New Norfolk,AU,2021-06-01 06:45:49,-42.7826,147.0587,56.71,67,90,3.0
231,Mount Gambier,AU,2021-06-01 06:45:49,-37.8333,140.7667,55.31,58,100,9.22
232,Kouroussa,GN,2021-06-01 06:45:50,10.65,-9.8833,73.74,83,100,6.08
233,Syasstroy,RU,2021-06-01 06:45:50,60.1367,32.5691,55.67,54,68,6.2
234,Kahului,US,2021-06-01 06:42:00,20.8947,-156.47,78.84,83,20,3.44
235,Aykhal,RU,2021-06-01 06:45:50,66.0,111.5,65.39,50,100,14.76
236,Touros,BR,2021-06-01 06:45:51,-5.1989,-35.4608,72.5,88,9,8.81
237,Hamilton,US,2021-06-01 06:45:51,39.1834,-84.5333,60.89,88,1,2.37
238,Azul,AR,2021-06-01 06:45:51,-36.777,-59.8585,55.99,63,100,14.41
239,Madingou,CG,2021-06-01 06:45:51,-4.1536,13.55,75.43,83,96,3.65
240,Margate,GB,2021-06-01 06:45:52,51.3813,1.3862,62.31,85,0,9.08
241,Ngaglik,ID,2021-06-01 06:45:52,-6.84,111.3671,85.46,69,99,3.2
242,Otradnoye,RU,2021-06-01 06:45:52,59.7775,30.8181,59.56,44,14,7.0
243,Peniche,PT,2021-06-01 06:45:52,39.3558,-9.3811,64.74,91,100,4.76
244,Iwaki,JP,2021-06-01 06:45:53,37.05,140.8833,77.61,76,54,3.0
245,Saint-Philippe,RE,2021-06-01 06:45:53,-21.3585,55.7679,82.22,63,0,8.93
246,Richards Bay,ZA,2021-06-01 06:45:54,-28.783,32.0377,66.67,64,38,2.84
247,Hofn,IS,2021-06-01 06:45:54,64.2539,-15.2082,44.4,80,100,7.27
248,Doka,SD,2021-06-01 06:45:54,13.5167,35.7667,97.25,22,0,8.59
249,Itarema,BR,2021-06-01 06:45:54,-2.9248,-39.9167,75.63,89,5,9.62
250,Bua Yai,TH,2021-06-01 06:45:55,15.5855,102.4259,95.09,36,70,12.95
251,Nioro,GM,2021-06-01 06:45:55,13.35,-15.75,75.56,73,100,5.12
252,Puerto Leguizamo,CO,2021-06-01 06:45:55,-0.1934,-74.7819,68.5,99,81,1.12
253,Syracuse,IT,2021-06-01 06:45:55,37.0881,15.2792,71.44,74,60,4.45
254,Bredasdorp,ZA,2021-06-01 06:45:56,-34.5322,20.0403,53.28,87,75,5.08
255,Andenes,NO,2021-06-01 06:45:56,69.3143,16.1194,54.07,76,20,5.75
256,Sao Filipe,CV,2021-06-01 06:45:56,14.8961,-24.4956,71.96,77,100,8.08
257,Jinchang,CN,2021-06-01 06:45:56,38.4953,102.1739,80.28,8,83,21.5
258,Carballo,ES,2021-06-01 06:45:57,43.213,-8.691,60.49,90,49,5.21
259,Chateauroux,FR,2021-06-01 06:45:57,46.8167,1.7,63.05,72,0,5.75
260,Yinchuan,CN,2021-06-01 06:45:57,38.4681,106.2731,88.56,5,0,18.84
261,Saint George,US,2021-06-01 06:45:04,37.1041,-113.5841,84.79,13,1,1.99
262,Ahipara,NZ,2021-06-01 06:45:57,-35.1667,173.1667,55.63,77,0,7.4
263,Mocuba,MZ,2021-06-01 06:45:58,-16.8392,36.9856,74.7,67,4,3.6
264,Pavlovsk,RU,2021-06-01 06:45:58,50.4578,40.1081,59.76,67,98,11.41
265,Lorengau,PG,2021-06-01 06:45:58,-2.0226,147.2712,81.46,82,100,9.57
266,Georgiyevskoye,RU,2021-06-01 06:45:59,58.731,45.024,58.48,37,29,4.34
267,Babushkin,RU,2021-06-01 06:45:59,51.7122,105.8647,37.54,98,100,16.89
268,Ukiah,US,2021-06-01 06:45:59,39.1502,-123.2078,78.69,42,1,0.0
269,Luderitz,NA,2021-06-01 06:45:59,-26.6481,15.1594,57.94,54,0,13.09
270,Cabo San Lucas,MX,2021-06-01 06:44:09,22.8909,-109.9124,79.41,61,4,10.58
271,Grand Gaube,MU,2021-06-01 06:46:00,-20.0064,57.6608,80.38,66,0,8.99
272,Mattawa,US,2021-06-01 06:46:00,46.7379,-119.9028,77.61,45,67,11.99
273,Visby,SE,2021-06-01 06:46:00,57.6409,18.296,56.86,76,75,13.8
274,Norman Wells,CA,2021-06-01 06:46:00,65.282,-126.8329,60.84,55,75,5.75
275,Kavieng,PG,2021-06-01 06:46:01,-2.5744,150.7967,81.34,78,100,8.43
276,Malaya Purga,RU,2021-06-01 06:46:01,56.5567,53.0043,51.6,70,100,5.12
277,Koundara,GN,2021-06-01 06:46:01,12.4833,-13.3,75.4,85,50,4.59
278,Ucluelet,CA,2021-06-01 06:45:41,48.9329,-125.5528,66.09,87,100,8.43
279,Nome,US,2021-06-01 06:46:02,64.5011,-165.4064,60.87,34,1,17.27
280,Inuvik,CA,2021-06-01 06:46:02,68.3499,-133.7218,34.56,66,90,9.22
281,Kang,BW,2021-06-01 06:46:02,-23.6752,22.7876,50.13,44,0,11.43
282,Nueva Loja,EC,2021-06-01 06:46:02,0.0847,-76.8828,68.59,99,100,1.83
283,Lagos,NG,2021-06-01 06:46:03,6.5833,3.75,77.32,76,100,6.46
284,Atambua,ID,2021-06-01 06:46:03,-9.1061,124.8925,80.6,67,70,0.94
285,Alofi,NU,2021-06-01 06:46:03,-19.0595,-169.9187,75.09,94,75,4.61
286,Kollam,IN,2021-06-01 06:46:04,8.8833,76.6,87.67,87,100,10.47
287,Georgetown,MY,2021-06-01 06:46:04,5.4112,100.3354,91.35,66,40,10.0
288,Vangaindrano,MG,2021-06-01 06:46:04,-23.35,47.6,70.14,86,100,7.96
289,Conceicao Da Barra,BR,2021-06-01 06:46:04,-18.5933,-39.7322,68.2,96,91,2.17
290,Elliot Lake,CA,2021-06-01 06:46:05,46.3834,-82.6331,50.09,96,91,3.6
291,Arnia,IN,2021-06-01 06:46:05,32.5167,74.8,85.59,23,92,6.02
292,Bela,IN,2021-06-01 06:46:05,25.9333,81.9833,106.5,22,5,4.25
293,Gouyave,GD,2021-06-01 06:46:05,12.1646,-61.7296,78.78,70,50,17.38
294,Kodinsk,RU,2021-06-01 06:46:06,58.6881,99.1844,71.78,31,0,4.38
295,Sistranda,NO,2021-06-01 06:46:06,63.7256,8.834,57.16,76,28,12.17
296,Tatarsk,RU,2021-06-01 06:46:06,55.219,75.9828,68.52,79,100,12.97
297,Bouar,CF,2021-06-01 06:46:07,5.934,15.596,68.92,89,100,2.91
298,Baillif,GP,2021-06-01 06:46:07,16.0202,-61.7463,74.7,69,97,11.18
299,Bilibino,RU,2021-06-01 06:46:07,68.0546,166.4372,64.81,29,77,2.28
300,Daru,PG,2021-06-01 06:46:07,-9.0763,143.2092,78.84,82,94,17.98
301,Zhezkazgan,KZ,2021-06-01 06:46:08,47.8043,67.7144,87.15,26,86,3.06
302,Merzifon,TR,2021-06-01 06:46:08,40.8733,35.4631,62.06,77,75,1.14
303,Jinka,ET,2021-06-01 06:46:08,5.65,36.65,73.26,56,91,8.14
304,Ales,FR,2021-06-01 06:46:08,44.1333,4.0833,63.68,64,69,1.43
305,Tuatapere,NZ,2021-06-01 06:46:09,-46.1333,167.6833,49.82,89,92,4.05
306,Saint-Augustin,CA,2021-06-01 06:46:09,51.226,-58.6502,43.02,98,100,3.58
307,Jiangkou,CN,2021-06-01 06:46:09,25.4872,119.1986,82.29,80,47,7.58
308,Tarnogskiy Gorodok,RU,2021-06-01 06:46:10,60.4997,43.5761,59.22,40,20,5.37
309,Viedma,AR,2021-06-01 06:46:10,-40.8135,-62.9967,55.9,74,3,13.24
310,Buin,CL,2021-06-01 06:46:10,-33.7333,-70.75,62.74,41,99,1.25
311,Phetchabun,TH,2021-06-01 06:46:11,16.25,101.0833,97.07,47,65,7.02
312,Rio Bueno,CL,2021-06-01 06:46:11,-40.3167,-72.9667,57.34,98,100,2.86
313,Teluknaga,ID,2021-06-01 06:46:11,-6.0989,106.6381,92.17,62,40,8.01
314,Port Hardy,CA,2021-06-01 06:42:14,50.6996,-127.4199,57.38,94,40,3.44
315,Vila Franca Do Campo,PT,2021-06-01 06:46:12,37.7167,-25.4333,59.41,70,34,16.08
316,Caloundra,AU,2021-06-01 06:46:12,-26.8,153.1333,67.84,79,0,6.11
317,Severo-Kurilsk,RU,2021-06-01 06:46:12,50.6789,156.125,37.74,97,100,9.28
318,Chokwe,MZ,2021-06-01 06:46:13,-24.5333,32.9833,71.67,69,5,8.1
319,Klaksvik,FO,2021-06-01 06:46:13,62.2266,-6.589,50.92,97,100,16.06
320,Katsuura,JP,2021-06-01 06:46:13,35.1333,140.3,75.31,68,8,9.17
321,Broome,US,2021-06-01 06:46:14,42.2506,-75.833,53.31,80,100,2.55
322,Maneadero,MX,2021-06-01 06:46:14,31.7167,-116.5667,61.11,83,4,3.06
323,Sherpur,BD,2021-06-01 06:46:14,25.0188,90.0175,93.45,54,25,9.51
324,Talara,PE,2021-06-01 06:46:15,-4.5772,-81.2719,68.41,83,94,13.38
325,San Pedro,PH,2021-06-01 06:46:15,14.35,121.0167,96.03,56,40,4.25
326,Chapais,CA,2021-06-01 06:46:15,49.7834,-74.8492,47.98,80,74,3.91
327,Kasane,BW,2021-06-01 06:46:16,-17.8167,25.15,59.09,67,0,6.91
328,Bereda,ES,2021-06-01 06:46:16,43.2686,-7.5406,60.42,100,86,1.74
329,Dedovichi,RU,2021-06-01 06:46:16,57.5517,29.9502,58.53,55,19,4.79
330,Lewisporte,CA,2021-06-01 06:46:16,49.2499,-55.0482,53.31,91,100,10.98
331,Zhigansk,RU,2021-06-01 06:46:17,66.7697,123.3711,64.71,33,10,6.96
332,Catumbela,AO,2021-06-01 06:45:04,-12.4314,13.5472,77.86,41,100,5.17
333,Labuhan,ID,2021-06-01 06:46:17,-6.8844,112.2051,83.77,75,73,6.35
334,Bintulu,MY,2021-06-01 06:46:18,3.1667,113.0333,84.61,83,40,1.99
335,Kota Belud,MY,2021-06-01 06:46:18,6.351,116.4305,87.66,65,100,7.11
336,San Rafael Del Sur,NI,2021-06-01 06:46:18,11.8485,-86.4384,79.77,69,11,13.69
337,Lata,PT,2021-06-01 06:46:18,40.1629,-8.3327,61.81,85,100,3.83
338,Cidreira,BR,2021-06-01 06:46:19,-30.1811,-50.2056,51.84,71,100,8.68
339,Kohima,IN,2021-06-01 06:46:19,25.6667,94.1167,70.57,81,41,2.68
340,Bolshaya Rechka,RU,2021-06-01 06:46:19,51.9503,104.7355,41.27,96,100,11.23
341,Presidente Epitacio,BR,2021-06-01 06:46:19,-21.7633,-52.1156,63.0,94,97,2.73
342,Padang,ID,2021-06-01 06:46:20,-0.9492,100.3543,87.85,70,63,4.81
343,Tura,IN,2021-06-01 06:46:20,25.5198,90.2201,83.12,76,85,4.09
344,Yakima,US,2021-06-01 06:46:20,46.4665,-120.6678,76.44,45,1,4.76
345,Dikson,RU,2021-06-01 06:46:21,73.5069,80.5464,31.77,98,100,17.16
346,Wakkanai,JP,2021-06-01 06:46:21,45.4094,141.6739,55.38,71,20,6.91
347,Muli,MV,2021-06-01 06:46:21,2.9167,73.5667,83.75,70,43,16.33
348,Valladolid,ES,2021-06-01 06:46:21,41.5833,-4.6667,62.29,82,85,6.2
349,Alugan,PH,2021-06-01 06:46:22,12.2188,125.4808,83.95,87,100,20.51
350,Paamiut,GL,2021-06-01 06:46:22,61.994,-49.6678,37.63,82,12,7.45
351,Susehri,TR,2021-06-01 06:46:22,40.1644,38.0867,70.32,47,10,2.48
352,College,US,2021-06-01 06:46:22,64.8569,-147.8028,64.72,48,75,9.22
353,Hay River,CA,2021-06-01 06:46:23,60.8156,-115.7999,62.58,55,40,4.61
354,San Francisco,US,2021-06-01 06:42:53,37.7749,-122.4194,70.18,83,40,8.01
355,Inhambane,MZ,2021-06-01 06:46:23,-23.865,35.3833,71.58,88,40,11.99
356,Faya,SA,2021-06-01 06:46:23,18.3851,42.4509,81.12,9,0,29.68
357,Awbari,LY,2021-06-01 06:46:24,26.5921,12.7805,89.31,18,91,15.86
358,Brits,ZA,2021-06-01 06:46:24,-25.6347,27.7802,52.29,83,100,7.11
359,Reo,BF,2021-06-01 06:46:24,12.3167,-2.4667,83.23,57,100,9.08
360,Nisia Floresta,BR,2021-06-01 06:46:25,-6.0911,-35.2086,73.78,88,77,4.61
361,Maniitsoq,GL,2021-06-01 06:46:25,65.4167,-52.9,34.65,80,48,4.41
362,Masallatah,LY,2021-06-01 06:46:25,32.6167,14.0,76.64,41,77,11.23
363,Kieta,PG,2021-06-01 06:46:25,-6.2167,155.6333,81.34,86,100,10.38
364,Adrar,MR,2021-06-01 06:46:26,20.5022,-10.0711,87.66,31,94,6.93
365,Olinda,BR,2021-06-01 06:45:47,-8.0089,-34.8553,76.73,69,75,9.6
366,Roebourne,AU,2021-06-01 06:46:26,-20.7833,117.1333,81.34,32,68,10.4
367,Kijang,KR,2021-06-01 06:46:26,35.2442,129.2139,82.13,60,15,4.68
368,Masumbwe,TZ,2021-06-01 06:46:27,-3.6333,32.1833,73.31,56,13,8.88
369,Lazaro Cardenas,MX,2021-06-01 06:46:27,17.9583,-102.2,81.25,80,99,2.91
370,Torbay,CA,2021-06-01 06:46:27,47.6666,-52.7314,49.57,94,90,6.91
371,Rundu,NA,2021-06-01 06:41:32,-17.9333,19.7667,62.4,26,0,4.14
372,Vanimo,PG,2021-06-01 06:46:27,-2.6741,141.3028,76.6,93,100,6.98
373,Regina,CA,2021-06-01 06:45:04,50.4501,-104.6178,62.58,44,75,5.75
374,Birjand,IR,2021-06-01 06:46:28,32.8663,59.2211,91.87,7,0,6.91
375,Kamina,CD,2021-06-01 06:46:28,-8.7386,24.9906,71.47,40,100,5.35
376,Marfino,RU,2021-06-01 06:46:28,55.7028,37.3822,55.65,47,40,7.27
377,Lagoa,PT,2021-06-01 06:46:29,39.05,-27.9833,59.36,63,1,20.09
378,Jutai,BR,2021-06-01 06:46:29,-5.1833,-68.9,72.48,98,100,2.39
379,Gorontalo,ID,2021-06-01 06:46:29,0.5412,123.0595,87.04,66,82,8.59
380,Olafsvik,IS,2021-06-01 06:46:30,64.8945,-23.7142,44.29,80,62,19.01
381,Pavlodar,KZ,2021-06-01 06:46:30,52.3,76.95,89.4,20,20,7.67
382,Merauke,ID,2021-06-01 06:46:30,-8.4667,140.3333,81.34,79,92,15.21
383,Tiksi,RU,2021-06-01 06:46:30,71.6872,128.8694,52.52,62,82,6.58
384,Celestun,MX,2021-06-01 06:46:31,20.8667,-90.4,79.23,76,25,12.53
385,Oranjemund,NA,2021-06-01 06:46:31,-28.55,16.4333,55.92,66,0,8.3
386,Afzalpur,IN,2021-06-01 06:46:31,17.2,76.35,93.74,42,10,5.97
387,Mazagao,BR,2021-06-01 06:46:31,-0.115,-51.2894,77.05,98,32,2.42
388,Alice Town,BS,2021-06-01 06:46:32,25.7167,-79.3,78.12,73,27,12.03
389,Gamba,GA,2021-06-01 06:46:32,-2.65,10.0,77.36,86,100,5.26
390,Makakilo City,US,2021-06-01 06:46:32,21.3469,-158.0858,79.12,68,1,5.75
391,Pasni,PK,2021-06-01 06:46:33,25.2631,63.471,88.14,71,0,10.36
392,Aranos,NA,2021-06-01 06:46:33,-24.1333,19.1167,45.95,60,0,11.14
393,San Cristobal,VE,2021-06-01 06:46:33,7.7669,-72.225,64.81,94,100,2.84
394,Wanning,CN,2021-06-01 06:46:33,18.8003,110.3967,92.57,61,100,17.94
395,Nishihara,JP,2021-06-01 06:46:34,26.1842,127.7558,80.26,82,75,15.64
396,Tarauaca,BR,2021-06-01 06:46:10,-8.1614,-70.7656,70.16,99,84,2.01
397,Hailey,US,2021-06-01 06:46:34,43.5196,-114.3153,55.26,58,1,10.36
398,Dickinson,US,2021-06-01 06:46:34,29.4608,-95.0513,79.02,84,40,1.01
399,Kerrobert,CA,2021-06-01 06:46:35,51.9168,-109.1348,55.45,76,76,6.85
400,Vila,PT,2021-06-01 06:46:35,42.0304,-8.1588,51.33,91,86,4.88
401,Vanavara,RU,2021-06-01 06:46:35,60.34,102.2797,72.19,26,12,6.2
402,Beringovskiy,RU,2021-06-01 06:46:35,63.05,179.3167,33.37,84,57,11.81
403,Chara,RU,2021-06-01 06:46:36,56.9064,118.2631,63.59,43,100,11.03
404,Nagato,JP,2021-06-01 06:46:36,34.3833,131.2,79.2,61,3,5.61
405,Santa Maria,BR,2021-06-01 06:46:11,-29.6842,-53.8069,48.2,72,72,2.98
406,Ilawe,NG,2021-06-01 06:46:36,7.8667,4.4333,76.12,89,87,8.16
407,Narsaq,GL,2021-06-01 06:46:37,60.9167,-46.05,39.42,66,3,6.85
408,Chumikan,RU,2021-06-01 06:46:37,54.7183,135.315,67.1,36,8,9.73
409,Vao,NC,2021-06-01 06:46:37,-22.6667,167.4833,70.86,63,53,18.48
410,Zelenogorskiy,RU,2021-06-01 06:46:37,55.0333,87.0,75.72,28,100,3.29
411,Haines Junction,CA,2021-06-01 06:46:38,60.7522,-137.5108,49.95,71,100,5.75
412,Wexford,IE,2021-06-01 06:46:38,52.3342,-6.4575,56.57,87,100,5.73
413,Fukuma,JP,2021-06-01 06:46:38,33.7667,130.4667,89.15,51,0,9.89
414,Avera,US,2021-06-01 06:46:38,33.194,-82.5271,64.06,88,76,4.85
415,San Quintin,MX,2021-06-01 06:46:39,30.4833,-115.95,59.54,86,11,4.94
416,Osa,RU,2021-06-01 06:46:39,57.2829,55.4567,60.51,46,52,5.93
417,Coahuayana,MX,2021-06-01 06:45:19,18.7333,-103.6833,79.47,88,100,2.98
418,Coruripe,BR,2021-06-01 06:46:40,-10.1256,-36.1756,72.84,91,34,3.44
419,Rawson,AR,2021-06-01 06:46:40,-43.3002,-65.1023,37.69,100,0,13.65
420,Ozinki,RU,2021-06-01 06:46:40,51.1786,49.6769,72.61,67,90,10.04
421,San Rafael,AR,2021-06-01 06:42:42,-34.6177,-68.3301,57.16,45,67,5.95
422,Takoradi,GH,2021-06-01 06:46:40,4.8845,-1.7554,78.13,81,100,3.78
423,Okha,RU,2021-06-01 06:46:41,53.5739,142.9478,45.91,70,40,12.59
424,Paducah,US,2021-06-01 06:46:01,37.0834,-88.6001,61.57,87,1,4.21
425,Pauini,BR,2021-06-01 06:46:41,-7.7136,-66.9764,75.74,86,97,1.9
426,Pao De Acucar,BR,2021-06-01 06:46:41,-9.7483,-37.4367,70.29,98,51,0.69
427,Kalmunai,LK,2021-06-01 06:46:42,7.4167,81.8167,88.72,63,100,9.1
428,Muisne,EC,2021-06-01 06:46:42,0.6,-80.0333,75.92,89,99,8.59
429,Alto Araguaia,BR,2021-06-01 06:46:42,-17.3147,-53.2153,64.29,63,100,3.27
430,Mawlaik,MM,2021-06-01 06:46:43,23.6333,94.4167,103.14,31,100,0.98
431,Arlit,NE,2021-06-01 06:46:43,18.7369,7.3853,94.69,8,5,1.92
432,Moscow,RU,2021-06-01 06:46:17,55.7522,37.6156,55.92,44,15,7.18
433,Port Hueneme,US,2021-06-01 06:43:57,34.1478,-119.1951,66.9,89,90,0.0
434,Jurm,AF,2021-06-01 06:46:43,36.8648,70.8342,77.58,31,52,6.46
435,Codrington,AU,2021-06-01 06:46:43,-38.2667,141.9667,56.34,51,100,11.99
436,Dongsheng,CN,2021-06-01 06:46:44,39.8161,109.9776,79.92,11,100,27.07
437,Bilma,NE,2021-06-01 06:46:44,18.6853,12.9164,97.23,8,20,10.85
438,Bolkhov,RU,2021-06-01 06:46:44,53.4433,36.0044,53.13,67,0,11.99
439,Northam,GB,2021-06-01 06:46:45,51.0333,-4.2167,62.65,85,100,11.48
440,Lima,PE,2021-06-01 06:42:00,-12.0432,-77.0282,61.9,90,90,5.75
441,Gongzhuling,CN,2021-06-01 06:46:45,43.5008,124.8198,77.59,17,0,18.41
442,Takhtamygda,RU,2021-06-01 06:46:45,54.1,123.5667,55.8,84,100,7.9
443,Nemuro,JP,2021-06-01 06:46:45,43.3236,145.575,61.23,74,0,5.68
444,Reporoa,NZ,2021-06-01 06:46:46,-38.4333,176.35,49.33,79,0,2.01
445,Carauari,BR,2021-06-01 06:43:27,-4.8828,-66.8958,73.96,96,100,2.73
446,Iqaluit,CA,2021-06-01 06:46:46,63.7506,-68.5145,31.73,93,90,15.99
447,Turan,VN,2021-06-01 06:41:54,16.0678,108.2208,96.8,52,20,10.36
448,Bomet,KE,2021-06-01 06:46:46,-0.7813,35.3416,65.3,56,89,7.11
449,Bushehr,IR,2021-06-01 06:42:53,28.9684,50.8385,93.29,46,0,11.5
450,Verkhnevilyuysk,RU,2021-06-01 06:46:47,63.4453,120.3167,71.65,34,100,10.76
451,Abong Mbang,CM,2021-06-01 06:46:47,3.9833,13.1833,69.51,98,100,3.02
452,Dapaong,TG,2021-06-01 06:46:47,10.8639,0.205,79.48,66,100,13.44
453,Salinopolis,BR,2021-06-01 06:46:48,-0.6136,-47.3561,78.1,84,96,9.6
454,Strezhevoy,RU,2021-06-01 06:44:20,60.7333,77.5889,46.38,61,100,12.8
455,Sarkand,KZ,2021-06-01 06:46:48,45.41,79.9186,85.14,17,4,5.55
456,Sao Joao Da Barra,BR,2021-06-01 06:42:11,-21.6403,-41.0511,69.03,91,100,10.6
457,Champerico,GT,2021-06-01 06:46:48,14.3,-91.9167,82.35,79,63,7.36
458,Camacupa,AO,2021-06-01 06:46:48,-12.0167,17.4833,58.32,36,32,3.85
459,Samarai,PG,2021-06-01 06:46:49,-10.6167,150.6667,79.25,71,95,15.12
460,Chernyshevskiy,RU,2021-06-01 06:46:49,63.0128,112.4714,72.84,28,63,8.32
461,Tadine,NC,2021-06-01 06:46:49,-21.55,167.8833,69.98,62,4,12.21
462,Pak Phanang,TH,2021-06-01 06:46:49,8.3511,100.202,95.02,64,100,6.62
463,Lahij,YE,2021-06-01 06:46:50,13.1667,44.5833,90.46,40,6,9.73
464,Itoman,JP,2021-06-01 06:46:50,26.1247,127.6694,80.98,83,75,18.41
465,Saint-Joseph,RE,2021-06-01 06:46:50,-21.3667,55.6167,81.21,63,0,8.12
466,Nantucket,US,2021-06-01 06:46:50,41.2835,-70.0995,56.08,91,1,13.8
467,Sinjar,IQ,2021-06-01 06:46:51,36.3209,41.8754,86.16,15,0,11.77
468,Jiujiang,CN,2021-06-01 06:46:51,29.7333,115.9833,88.3,59,44,3.69
469,Benguela,AO,2021-06-01 06:46:51,-12.5763,13.4055,77.2,41,99,5.46
470,Leh,IN,2021-06-01 06:46:52,34.1667,77.5833,48.31,68,100,4.25
471,Maningrida,AU,2021-06-01 06:46:52,-12.0667,134.2667,82.04,67,100,11.54
472,Barra Do Garcas,BR,2021-06-01 06:46:52,-15.89,-52.2567,69.42,60,79,1.88
473,Cockburn Town,TC,2021-06-01 06:46:53,21.4612,-71.1419,79.57,79,100,19.77
474,Galatas,GR,2021-06-01 06:46:53,37.4962,23.4489,73.85,56,0,11.61
475,Xinqing,CN,2021-06-01 06:46:53,48.2333,129.5,56.12,95,100,7.83
476,Tanout,NE,2021-06-01 06:46:54,14.9709,8.8879,90.73,8,0,4.32
477,Tecolutla,MX,2021-06-01 06:46:54,20.4833,-97.0167,79.52,90,100,6.55
478,Conceicao Do Araguaia,BR,2021-06-01 06:46:54,-8.2578,-49.2647,69.93,83,0,0.47
479,Moussoro,TD,2021-06-01 06:46:54,13.6408,16.4901,97.79,13,100,0.51
480,Kabompo,ZM,2021-06-01 06:46:55,-13.5927,24.2008,64.85,32,5,6.22
481,Flin Flon,CA,2021-06-01 06:46:55,54.7682,-101.865,50.52,98,100,4.05
482,Hermiston,US,2021-06-01 06:45:58,45.8404,-119.2895,74.68,47,1,6.91
483,Chodavaram,IN,2021-06-01 06:46:55,17.8333,82.95,94.84,31,11,5.79
484,Shingu,JP,2021-06-01 06:46:55,33.7333,135.9833,76.19,75,7,6.96
485,Vostok,RU,2021-06-01 06:46:56,46.4856,135.8833,66.99,36,100,7.65
486,Payakumbuh,ID,2021-06-01 06:46:56,-0.2202,100.6308,80.92,83,88,3.24
487,Howard Springs,AU,2021-06-01 06:46:56,-12.497,131.047,87.98,66,20,10.6
488,Pitsunda,GE,2021-06-01 06:46:57,43.1592,40.3378,69.98,80,59,7.14
489,Linkoping,SE,2021-06-01 06:46:57,58.4109,15.6216,60.53,56,0,11.5
490,Pangnirtung,CA,2021-06-01 06:46:57,66.1451,-65.7125,28.2,87,100,7.27
491,Krasnoarmeysk,RU,2021-06-01 06:46:57,51.0239,45.6969,61.16,71,64,9.71
492,Araouane,ML,2021-06-01 06:46:58,18.9048,-3.5265,92.71,9,100,4.5
493,Sao Jose Da Coroa Grande,BR,2021-06-01 06:46:58,-8.8978,-35.1478,75.94,85,88,7.43
494,Aripuana,BR,2021-06-01 06:46:58,-9.1667,-60.6333,68.54,76,4,1.1
495,Portland,US,2021-06-01 06:45:37,45.5234,-122.6762,73.98,55,1,9.22
496,Tyumentsevo,RU,2021-06-01 06:46:59,53.3224,81.498,80.47,30,17,5.61
497,Zambezi,ZM,2021-06-01 06:46:59,-13.5432,23.1047,64.38,33,76,5.28
498,Trincomalee,LK,2021-06-01 06:46:59,8.5711,81.2335,92.52,56,40,6.91
499,Port Hawkesbury,CA,2021-06-01 06:46:59,45.6169,-61.3485,60.01,100,90,1.99
500,Salinas,US,2021-06-01 06:44:45,36.6777,-121.6555,65.16,83,90,11.5
501,Xai-Xai,MZ,2021-06-01 06:47:00,-25.0519,33.6442,72.93,67,1,11.72
502,Laguna De Perlas,NI,2021-06-01 06:47:00,12.3429,-83.6712,77.7,87,24,9.55
503,San Luis,AR,2021-06-01 06:47:01,-33.295,-66.3356,54.72,39,93,8.19
504,Ostersund,SE,2021-06-01 06:47:01,63.1792,14.6357,55.85,54,97,4.61
505,Tanete,ID,2021-06-01 06:47:01,-3.9443,119.7848,92.25,48,29,11.03
506,Zemio,CF,2021-06-01 06:47:01,5.0314,25.1361,81.82,63,76,6.08
507,Sao Gabriel Da Cachoeira,BR,2021-06-01 06:47:02,-0.1303,-67.0892,72.0,100,100,2.13
508,Saint Anthony,US,2021-06-01 06:47:02,45.0205,-93.218,58.93,75,1,1.9
509,Shimoda,JP,2021-06-01 06:47:02,34.6667,138.95,71.96,75,24,10.25
510,Mogadishu,SO,2021-06-01 06:47:03,2.0371,45.3438,84.07,61,75,16.11
511,Chunhuhub,MX,2021-06-01 06:47:03,19.55,-88.6833,70.75,98,9,1.92
512,Usinsk,RU,2021-06-01 06:47:03,65.9939,57.5281,40.41,49,100,24.85
513,Lianzhou,CN,2021-06-01 06:47:03,24.7811,112.3825,81.77,92,100,5.99
514,Big Spring,US,2021-06-01 06:47:04,32.2504,-101.4787,62.08,100,40,0.0
515,Tateyama,JP,2021-06-01 06:47:04,34.9833,139.8667,75.22,71,10,10.78
516,Dingle,PH,2021-06-01 06:47:04,10.9995,122.6711,79.48,89,100,7.74
517,Walvis Bay,NA,2021-06-01 06:47:05,-22.9575,14.5053,52.09,87,0,1.7
518,Port Lincoln,AU,2021-06-01 06:47:05,-34.7333,135.8667,61.45,65,100,3.89
519,Huilong,CN,2021-06-01 06:47:05,31.8111,121.655,81.99,77,100,19.77
520,Te Anau,NZ,2021-06-01 06:47:06,-45.4167,167.7167,41.23,90,100,1.1
521,Princeton,US,2021-06-01 06:47:06,25.5384,-80.4089,80.02,88,20,5.75
522,Kitgum,UG,2021-06-01 06:47:06,3.2783,32.8867,80.78,45,94,8.7
523,Banda Aceh,ID,2021-06-01 06:47:07,5.5577,95.3222,85.75,70,100,11.1
524,Abrau-Dyurso,RU,2021-06-01 06:47:07,44.69,37.59,67.48,83,41,12.59
525,Qasigiannguit,GL,2021-06-01 06:47:07,68.8193,-51.1922,32.25,88,25,0.43
526,Altar,MX,2021-06-01 06:47:07,30.7,-111.8167,76.6,35,27,4.12
527,South Lake Tahoe,US,2021-06-01 06:44:59,38.9332,-119.9844,68.43,46,1,4.61
528,Zionsville,US,2021-06-01 06:47:08,39.9509,-86.2619,60.78,76,75,0.0
529,Nkhotakota,MW,2021-06-01 06:47:08,-12.9274,34.2961,74.25,66,92,4.88
530,Jatara,IN,2021-06-01 06:47:08,25.0167,79.05,107.17,16,5,6.71
531,Nabire,ID,2021-06-01 06:47:09,-3.3667,135.4833,83.35,78,47,2.1
532,Okhotsk,RU,2021-06-01 06:47:09,59.3833,143.3,39.47,85,100,9.48
533,Pisco,PE,2021-06-01 06:44:59,-13.7,-76.2167,64.45,77,90,3.44
534,Balsas,BR,2021-06-01 06:47:09,-7.5325,-46.0356,73.06,54,92,3.44
535,Fraga,ES,2021-06-01 06:47:10,41.5229,0.3489,68.83,64,100,7.07
536,Tymovskoye,RU,2021-06-01 06:47:10,50.8456,142.655,62.87,40,100,5.37
537,Sibolga,ID,2021-06-01 06:47:10,1.7427,98.7792,86.05,65,35,6.11
538,Kalabo,ZM,2021-06-01 06:47:10,-14.97,22.6814,63.97,33,17,5.35
539,Lavrentiya,RU,2021-06-01 06:47:11,65.5833,-171.0,31.66,77,19,11.83
540,Buchanan,LR,2021-06-01 06:47:11,5.8808,-10.0467,75.72,90,100,3.27
541,San Policarpo,PH,2021-06-01 06:47:11,12.1791,125.5072,84.31,86,100,21.79
542,Tukrah,LY,2021-06-01 06:47:11,32.5341,20.5791,72.19,65,100,7.9
543,Puerto Carreno,CO,2021-06-01 06:47:12,6.189,-67.4859,76.91,83,100,4.68
544,Lyskovo,RU,2021-06-01 06:47:12,56.0328,45.0422,61.39,56,94,9.17
545,Valparaiso,CL,2021-06-01 06:47:12,-33.0393,-71.6273,62.47,70,66,10.42
546,Miloslavskoye,RU,2021-06-01 06:47:13,53.5815,39.4399,49.96,64,30,12.55
547,Canandaigua,US,2021-06-01 06:47:13,42.8742,-77.288,59.61,63,100,6.58
548,Aleksandrovka,UA,2021-06-01 06:47:13,46.8383,32.7612,53.82,92,100,17.69
549,Cairns,AU,2021-06-01 06:47:14,-16.9167,145.7667,73.11,84,40,8.05
550,Cisarua,ID,2021-06-01 06:47:14,-6.6527,106.471,80.33,74,83,1.92
551,Sesheke,ZM,2021-06-01 06:47:14,-17.4759,24.2968,67.19,33,0,5.97
552,Hutchinson,US,2021-06-01 06:47:14,38.0608,-97.9298,60.75,93,90,5.75
553,Ola,RU,2021-06-01 06:47:15,59.5833,151.2833,38.66,94,100,4.63
554,Port Blair,IN,2021-06-01 06:47:15,11.6667,92.75,86.13,69,18,4.09
555,Hvide Sande,DK,2021-06-01 06:47:15,56.0045,8.1294,56.68,93,20,8.14
556,Ixtapa,MX,2021-06-01 06:47:15,20.7,-105.2,80.22,71,100,2.84
557,Pilar,BR,2021-06-01 06:47:16,-9.5972,-35.9567,71.53,95,90,2.21
558,Santa Isabel Do Rio Negro,BR,2021-06-01 06:47:16,-0.4139,-65.0192,74.07,97,100,1.39
559,Carleton Place,CA,2021-06-01 06:47:16,45.1334,-76.1494,55.98,71,100,1.01
560,Sola,VU,2021-06-01 06:47:17,-13.8833,167.55,79.47,83,75,0.0
561,Zmeinogorsk,RU,2021-06-01 06:47:17,51.1567,82.195,79.59,41,47,5.35
562,Dhidhdhoo,MV,2021-06-01 06:47:17,6.8833,73.1,83.34,73,27,20.62
563,Saint-Leu,RE,2021-06-01 06:47:18,-21.15,55.2833,81.68,87,0,3.71
564,Malakal,SS,2021-06-01 06:47:18,9.5334,31.6605,96.89,27,10,11.14
565,Guilin,CN,2021-06-01 06:47:18,25.2819,110.2864,78.91,93,100,4.72
566,Togur,RU,2021-06-01 06:47:19,58.3631,82.8265,65.16,82,100,10.4
567,Aberdeen,GB,2021-06-01 06:45:17,57.1437,-2.0981,56.53,89,95,9.22
568,Mahon,ES,2021-06-01 06:47:19,39.8885,4.2658,66.76,94,20,6.91
569,Dubai,AE,2021-06-01 06:47:19,25.2582,55.3047,106.09,12,0,12.66
570,Safranbolu,TR,2021-06-01 06:47:20,41.2508,32.6942,56.93,74,99,3.76
571,Gat,IL,2021-06-01 06:44:05,31.61,34.7642,80.78,34,0,3.53
572,Truth Or Consequences,US,2021-06-01 06:44:00,33.1284,-107.2528,68.92,51,1,3.6
573,Poum,NC,2021-06-01 06:47:20,-20.2333,164.0167,73.13,60,51,10.76
574,San Lazzaro Di Savena,IT,2021-06-01 06:47:20,44.4678,11.414,68.32,55,0,4.59
575,Houma,US,2021-06-01 06:44:59,29.5958,-90.7195,75.2,92,1,0.0
576,Laramie,US,2021-06-01 06:46:37,41.3114,-105.5911,43.18,83,1,9.22
577,Yekaterinoslavka,RU,2021-06-01 06:47:21,50.3734,129.1139,65.41,56,100,14.72
578,Chengde,CN,2021-06-01 06:47:21,40.9725,117.9361,83.64,14,14,2.86
579,Marawi,PH,2021-06-01 06:47:21,7.9986,124.2928,67.64,96,100,4.97
580,Adwa,ET,2021-06-01 06:47:22,14.1646,38.8955,83.35,15,0,9.78
581,Petropavlovsk-Kamchatskiy,RU,2021-06-01 06:47:22,53.0452,158.6483,45.19,66,20,4.54
582,Tehri,IN,2021-06-01 06:46:54,30.3833,78.4833,90.61,31,99,6.73
583,Saint-Pierre,RE,2021-06-01 06:47:22,-21.3393,55.4781,82.29,62,0,19.57
584,Churachandpur,IN,2021-06-01 06:47:22,24.3333,93.6667,81.68,55,70,5.59
